Id,Expected
img0.jpg,bart_simpson
img1.jpg,bart_simpson
img2.jpg,bart_simpson
img3.jpg,bart_simpson
img4.jpg,bart_simpson
img5.jpg,bart_simpson
img6.jpg,bart_simpson
img7.jpg,bart_simpson
img8.jpg,bart_simpson
img9.jpg,bart_simpson
img10.jpg,bart_simpson
img11.jpg,bart_simpson
img12.jpg,bart_simpson
img13.jpg,bart_simpson
img14.jpg,bart_simpson
img15.jpg,bart_simpson
img16.jpg,bart_simpson
img17.jpg,bart_simpson
img18.jpg,bart_simpson
img19.jpg,bart_simpson
img20.jpg,bart_simpson
img21.jpg,bart_simpson
img22.jpg,bart_simpson
img23.jpg,bart_simpson
img24.jpg,bart_simpson
img25.jpg,bart_simpson
img26.jpg,bart_simpson
img27.jpg,bart_simpson
img28.jpg,bart_simpson
img29.jpg,bart_simpson
img30.jpg,bart_simpson
img31.jpg,bart_simpson
img32.jpg,bart_simpson
img33.jpg,bart_simpson
img34.jpg,bart_simpson
img35.jpg,bart_simpson
img36.jpg,bart_simpson
img37.jpg,bart_simpson
img38.jpg,bart_simpson
img39.jpg,bart_simpson
img40.jpg,bart_simpson
img41.jpg,bart_simpson
img42.jpg,bart_simpson
img43.jpg,bart_simpson
img44.jpg,bart_simpson
img45.jpg,bart_simpson
img46.jpg,bart_simpson
img47.jpg,bart_simpson
img48.jpg,bart_simpson
img49.jpg,bart_simpson
img50.jpg,bart_simpson
img51.jpg,bart_simpson
img52.jpg,bart_simpson
img53.jpg,bart_simpson
img54.jpg,bart_simpson
img55.jpg,bart_simpson
img56.jpg,bart_simpson
img57.jpg,bart_simpson
img58.jpg,bart_simpson
img59.jpg,bart_simpson
img60.jpg,bart_simpson
img61.jpg,bart_simpson
img62.jpg,bart_simpson
img63.jpg,bart_simpson
img64.jpg,bart_simpson
img65.jpg,bart_simpson
img66.jpg,bart_simpson
img67.jpg,bart_simpson
img68.jpg,bart_simpson
img69.jpg,bart_simpson
img70.jpg,bart_simpson
img71.jpg,bart_simpson
img72.jpg,bart_simpson
img73.jpg,bart_simpson
img74.jpg,bart_simpson
img75.jpg,bart_simpson
img76.jpg,bart_simpson
img77.jpg,bart_simpson
img78.jpg,bart_simpson
img79.jpg,bart_simpson
img80.jpg,bart_simpson
img81.jpg,bart_simpson
img82.jpg,bart_simpson
img83.jpg,bart_simpson
img84.jpg,bart_simpson
img85.jpg,bart_simpson
img86.jpg,bart_simpson
img87.jpg,bart_simpson
img88.jpg,bart_simpson
img89.jpg,bart_simpson
img90.jpg,bart_simpson
img91.jpg,bart_simpson
img92.jpg,bart_simpson
img93.jpg,bart_simpson
img94.jpg,bart_simpson
img95.jpg,bart_simpson
img96.jpg,bart_simpson
img97.jpg,bart_simpson
img98.jpg,bart_simpson
img99.jpg,bart_simpson
img100.jpg,bart_simpson
img101.jpg,bart_simpson
img102.jpg,bart_simpson
img103.jpg,bart_simpson
img104.jpg,bart_simpson
img105.jpg,bart_simpson
img106.jpg,bart_simpson
img107.jpg,bart_simpson
img108.jpg,bart_simpson
img109.jpg,bart_simpson
img110.jpg,bart_simpson
img111.jpg,bart_simpson
img112.jpg,bart_simpson
img113.jpg,bart_simpson
img114.jpg,bart_simpson
img115.jpg,bart_simpson
img116.jpg,bart_simpson
img117.jpg,bart_simpson
img118.jpg,bart_simpson
img119.jpg,bart_simpson
img120.jpg,bart_simpson
img121.jpg,bart_simpson
img122.jpg,bart_simpson
img123.jpg,bart_simpson
img124.jpg,bart_simpson
img125.jpg,bart_simpson
img126.jpg,bart_simpson
img127.jpg,bart_simpson
img128.jpg,bart_simpson
img129.jpg,bart_simpson
img130.jpg,bart_simpson
img131.jpg,bart_simpson
img132.jpg,bart_simpson
img133.jpg,bart_simpson
img134.jpg,bart_simpson
img135.jpg,bart_simpson
img136.jpg,bart_simpson
img137.jpg,bart_simpson
img138.jpg,bart_simpson
img139.jpg,bart_simpson
img140.jpg,bart_simpson
img141.jpg,bart_simpson
img142.jpg,bart_simpson
img143.jpg,bart_simpson
img144.jpg,bart_simpson
img145.jpg,bart_simpson
img146.jpg,bart_simpson
img147.jpg,bart_simpson
img148.jpg,bart_simpson
img149.jpg,bart_simpson
img150.jpg,bart_simpson
img151.jpg,bart_simpson
img152.jpg,bart_simpson
img153.jpg,bart_simpson
img154.jpg,bart_simpson
img155.jpg,bart_simpson
img156.jpg,bart_simpson
img157.jpg,bart_simpson
img158.jpg,bart_simpson
img159.jpg,bart_simpson
img160.jpg,bart_simpson
img161.jpg,bart_simpson
img162.jpg,bart_simpson
img163.jpg,bart_simpson
img164.jpg,bart_simpson
img165.jpg,bart_simpson
img166.jpg,bart_simpson
img167.jpg,bart_simpson
img168.jpg,bart_simpson
img169.jpg,bart_simpson
img170.jpg,bart_simpson
img171.jpg,bart_simpson
img172.jpg,bart_simpson
img173.jpg,bart_simpson
img174.jpg,bart_simpson
img175.jpg,bart_simpson
img176.jpg,bart_simpson
img177.jpg,bart_simpson
img178.jpg,bart_simpson
img179.jpg,bart_simpson
img180.jpg,bart_simpson
img181.jpg,bart_simpson
img182.jpg,bart_simpson
img183.jpg,bart_simpson
img184.jpg,bart_simpson
img185.jpg,bart_simpson
img186.jpg,bart_simpson
img187.jpg,bart_simpson
img188.jpg,bart_simpson
img189.jpg,bart_simpson
img190.jpg,bart_simpson
img191.jpg,bart_simpson
img192.jpg,bart_simpson
img193.jpg,bart_simpson
img194.jpg,bart_simpson
img195.jpg,bart_simpson
img196.jpg,bart_simpson
img197.jpg,bart_simpson
img198.jpg,bart_simpson
img199.jpg,bart_simpson
img200.jpg,bart_simpson
img201.jpg,bart_simpson
img202.jpg,bart_simpson
img203.jpg,bart_simpson
img204.jpg,bart_simpson
img205.jpg,bart_simpson
img206.jpg,bart_simpson
img207.jpg,bart_simpson
img208.jpg,bart_simpson
img209.jpg,bart_simpson
img210.jpg,bart_simpson
img211.jpg,bart_simpson
img212.jpg,bart_simpson
img213.jpg,bart_simpson
img214.jpg,bart_simpson
img215.jpg,bart_simpson
img216.jpg,bart_simpson
img217.jpg,bart_simpson
img218.jpg,bart_simpson
img219.jpg,bart_simpson
img220.jpg,bart_simpson
img221.jpg,bart_simpson
img222.jpg,bart_simpson
img223.jpg,bart_simpson
img224.jpg,bart_simpson
img225.jpg,bart_simpson
img226.jpg,bart_simpson
img227.jpg,bart_simpson
img228.jpg,bart_simpson
img229.jpg,bart_simpson
img230.jpg,bart_simpson
img231.jpg,bart_simpson
img232.jpg,bart_simpson
img233.jpg,bart_simpson
img234.jpg,bart_simpson
img235.jpg,bart_simpson
img236.jpg,bart_simpson
img237.jpg,bart_simpson
img238.jpg,bart_simpson
img239.jpg,bart_simpson
img240.jpg,bart_simpson
img241.jpg,bart_simpson
img242.jpg,bart_simpson
img243.jpg,bart_simpson
img244.jpg,bart_simpson
img245.jpg,bart_simpson
img246.jpg,bart_simpson
img247.jpg,bart_simpson
img248.jpg,bart_simpson
img249.jpg,bart_simpson
img250.jpg,bart_simpson
img251.jpg,bart_simpson
img252.jpg,bart_simpson
img253.jpg,bart_simpson
img254.jpg,bart_simpson
img255.jpg,bart_simpson
img256.jpg,bart_simpson
img257.jpg,bart_simpson
img258.jpg,bart_simpson
img259.jpg,bart_simpson
img260.jpg,bart_simpson
img261.jpg,bart_simpson
img262.jpg,bart_simpson
img263.jpg,bart_simpson
img264.jpg,bart_simpson
img265.jpg,bart_simpson
img266.jpg,bart_simpson
img267.jpg,bart_simpson
img268.jpg,bart_simpson
img269.jpg,bart_simpson
img270.jpg,bart_simpson
img271.jpg,bart_simpson
img272.jpg,bart_simpson
img273.jpg,bart_simpson
img274.jpg,bart_simpson
img275.jpg,bart_simpson
img276.jpg,bart_simpson
img277.jpg,bart_simpson
img278.jpg,bart_simpson
img279.jpg,bart_simpson
img280.jpg,bart_simpson
img281.jpg,bart_simpson
img282.jpg,bart_simpson
img283.jpg,bart_simpson
img284.jpg,bart_simpson
img285.jpg,bart_simpson
img286.jpg,bart_simpson
img287.jpg,bart_simpson
img288.jpg,bart_simpson
img289.jpg,bart_simpson
img290.jpg,bart_simpson
img291.jpg,bart_simpson
img292.jpg,bart_simpson
img293.jpg,bart_simpson
img294.jpg,bart_simpson
img295.jpg,bart_simpson
img296.jpg,bart_simpson
img297.jpg,bart_simpson
img298.jpg,bart_simpson
img299.jpg,bart_simpson
img300.jpg,bart_simpson
img301.jpg,bart_simpson
img302.jpg,bart_simpson
img303.jpg,bart_simpson
img304.jpg,bart_simpson
img305.jpg,bart_simpson
img306.jpg,bart_simpson
img307.jpg,bart_simpson
img308.jpg,bart_simpson
img309.jpg,bart_simpson
img310.jpg,bart_simpson
img311.jpg,bart_simpson
img312.jpg,bart_simpson
img313.jpg,bart_simpson
img314.jpg,bart_simpson
img315.jpg,bart_simpson
img316.jpg,bart_simpson
img317.jpg,bart_simpson
img318.jpg,bart_simpson
img319.jpg,bart_simpson
img320.jpg,bart_simpson
img321.jpg,bart_simpson
img322.jpg,bart_simpson
img323.jpg,bart_simpson
img324.jpg,bart_simpson
img325.jpg,bart_simpson
img326.jpg,bart_simpson
img327.jpg,bart_simpson
img328.jpg,bart_simpson
img329.jpg,bart_simpson
img330.jpg,bart_simpson
img331.jpg,bart_simpson
img332.jpg,bart_simpson
img333.jpg,bart_simpson
img334.jpg,bart_simpson
img335.jpg,bart_simpson
img336.jpg,bart_simpson
img337.jpg,bart_simpson
img338.jpg,bart_simpson
img339.jpg,bart_simpson
img340.jpg,bart_simpson
img341.jpg,bart_simpson
img342.jpg,bart_simpson
img343.jpg,bart_simpson
img344.jpg,bart_simpson
img345.jpg,bart_simpson
img346.jpg,bart_simpson
img347.jpg,bart_simpson
img348.jpg,bart_simpson
img349.jpg,bart_simpson
img350.jpg,bart_simpson
img351.jpg,bart_simpson
img352.jpg,bart_simpson
img353.jpg,bart_simpson
img354.jpg,bart_simpson
img355.jpg,bart_simpson
img356.jpg,bart_simpson
img357.jpg,bart_simpson
img358.jpg,bart_simpson
img359.jpg,bart_simpson
img360.jpg,bart_simpson
img361.jpg,bart_simpson
img362.jpg,bart_simpson
img363.jpg,bart_simpson
img364.jpg,bart_simpson
img365.jpg,bart_simpson
img366.jpg,bart_simpson
img367.jpg,bart_simpson
img368.jpg,bart_simpson
img369.jpg,bart_simpson
img370.jpg,bart_simpson
img371.jpg,bart_simpson
img372.jpg,bart_simpson
img373.jpg,bart_simpson
img374.jpg,bart_simpson
img375.jpg,bart_simpson
img376.jpg,bart_simpson
img377.jpg,bart_simpson
img378.jpg,bart_simpson
img379.jpg,bart_simpson
img380.jpg,bart_simpson
img381.jpg,bart_simpson
img382.jpg,bart_simpson
img383.jpg,bart_simpson
img384.jpg,bart_simpson
img385.jpg,bart_simpson
img386.jpg,bart_simpson
img387.jpg,bart_simpson
img388.jpg,bart_simpson
img389.jpg,bart_simpson
img390.jpg,bart_simpson
img391.jpg,bart_simpson
img392.jpg,bart_simpson
img393.jpg,bart_simpson
img394.jpg,bart_simpson
img395.jpg,bart_simpson
img396.jpg,bart_simpson
img397.jpg,bart_simpson
img398.jpg,bart_simpson
img399.jpg,bart_simpson
img400.jpg,bart_simpson
img401.jpg,bart_simpson
img402.jpg,bart_simpson
img403.jpg,bart_simpson
img404.jpg,bart_simpson
img405.jpg,bart_simpson
img406.jpg,bart_simpson
img407.jpg,bart_simpson
img408.jpg,bart_simpson
img409.jpg,bart_simpson
img410.jpg,bart_simpson
img411.jpg,bart_simpson
img412.jpg,bart_simpson
img413.jpg,bart_simpson
img414.jpg,bart_simpson
img415.jpg,bart_simpson
img416.jpg,bart_simpson
img417.jpg,bart_simpson
img418.jpg,bart_simpson
img419.jpg,bart_simpson
img420.jpg,bart_simpson
img421.jpg,bart_simpson
img422.jpg,bart_simpson
img423.jpg,bart_simpson
img424.jpg,bart_simpson
img425.jpg,bart_simpson
img426.jpg,bart_simpson
img427.jpg,bart_simpson
img428.jpg,bart_simpson
img429.jpg,bart_simpson
img430.jpg,bart_simpson
img431.jpg,bart_simpson
img432.jpg,bart_simpson
img433.jpg,bart_simpson
img434.jpg,bart_simpson
img435.jpg,bart_simpson
img436.jpg,bart_simpson
img437.jpg,bart_simpson
img438.jpg,bart_simpson
img439.jpg,bart_simpson
img440.jpg,bart_simpson
img441.jpg,bart_simpson
img442.jpg,bart_simpson
img443.jpg,bart_simpson
img444.jpg,bart_simpson
img445.jpg,bart_simpson
img446.jpg,bart_simpson
img447.jpg,bart_simpson
img448.jpg,bart_simpson
img449.jpg,bart_simpson
img450.jpg,bart_simpson
img451.jpg,bart_simpson
img452.jpg,bart_simpson
img453.jpg,bart_simpson
img454.jpg,bart_simpson
img455.jpg,bart_simpson
img456.jpg,bart_simpson
img457.jpg,bart_simpson
img458.jpg,bart_simpson
img459.jpg,bart_simpson
img460.jpg,bart_simpson
img461.jpg,bart_simpson
img462.jpg,bart_simpson
img463.jpg,bart_simpson
img464.jpg,bart_simpson
img465.jpg,bart_simpson
img466.jpg,bart_simpson
img467.jpg,bart_simpson
img468.jpg,bart_simpson
img469.jpg,bart_simpson
img470.jpg,bart_simpson
img471.jpg,bart_simpson
img472.jpg,bart_simpson
img473.jpg,bart_simpson
img474.jpg,bart_simpson
img475.jpg,bart_simpson
img476.jpg,bart_simpson
img477.jpg,bart_simpson
img478.jpg,bart_simpson
img479.jpg,bart_simpson
img480.jpg,bart_simpson
img481.jpg,bart_simpson
img482.jpg,bart_simpson
img483.jpg,bart_simpson
img484.jpg,bart_simpson
img485.jpg,bart_simpson
img486.jpg,bart_simpson
img487.jpg,bart_simpson
img488.jpg,bart_simpson
img489.jpg,bart_simpson
img490.jpg,bart_simpson
img491.jpg,bart_simpson
img492.jpg,bart_simpson
img493.jpg,bart_simpson
img494.jpg,bart_simpson
img495.jpg,bart_simpson
img496.jpg,bart_simpson
img497.jpg,bart_simpson
img498.jpg,bart_simpson
img499.jpg,bart_simpson
img500.jpg,bart_simpson
img501.jpg,bart_simpson
img502.jpg,bart_simpson
img503.jpg,bart_simpson
img504.jpg,bart_simpson
img505.jpg,bart_simpson
img506.jpg,bart_simpson
img507.jpg,bart_simpson
img508.jpg,bart_simpson
img509.jpg,bart_simpson
img510.jpg,bart_simpson
img511.jpg,bart_simpson
img512.jpg,bart_simpson
img513.jpg,bart_simpson
img514.jpg,bart_simpson
img515.jpg,bart_simpson
img516.jpg,bart_simpson
img517.jpg,bart_simpson
img518.jpg,bart_simpson
img519.jpg,bart_simpson
img520.jpg,bart_simpson
img521.jpg,bart_simpson
img522.jpg,bart_simpson
img523.jpg,bart_simpson
img524.jpg,bart_simpson
img525.jpg,bart_simpson
img526.jpg,bart_simpson
img527.jpg,bart_simpson
img528.jpg,bart_simpson
img529.jpg,bart_simpson
img530.jpg,bart_simpson
img531.jpg,bart_simpson
img532.jpg,bart_simpson
img533.jpg,bart_simpson
img534.jpg,bart_simpson
img535.jpg,bart_simpson
img536.jpg,bart_simpson
img537.jpg,bart_simpson
img538.jpg,bart_simpson
img539.jpg,bart_simpson
img540.jpg,bart_simpson
img541.jpg,bart_simpson
img542.jpg,bart_simpson
img543.jpg,bart_simpson
img544.jpg,bart_simpson
img545.jpg,bart_simpson
img546.jpg,bart_simpson
img547.jpg,bart_simpson
img548.jpg,bart_simpson
img549.jpg,bart_simpson
img550.jpg,bart_simpson
img551.jpg,bart_simpson
img552.jpg,bart_simpson
img553.jpg,bart_simpson
img554.jpg,bart_simpson
img555.jpg,bart_simpson
img556.jpg,bart_simpson
img557.jpg,bart_simpson
img558.jpg,bart_simpson
img559.jpg,bart_simpson
img560.jpg,bart_simpson
img561.jpg,bart_simpson
img562.jpg,bart_simpson
img563.jpg,bart_simpson
img564.jpg,bart_simpson
img565.jpg,bart_simpson
img566.jpg,bart_simpson
img567.jpg,bart_simpson
img568.jpg,bart_simpson
img569.jpg,bart_simpson
img570.jpg,bart_simpson
img571.jpg,bart_simpson
img572.jpg,bart_simpson
img573.jpg,bart_simpson
img574.jpg,bart_simpson
img575.jpg,bart_simpson
img576.jpg,bart_simpson
img577.jpg,bart_simpson
img578.jpg,bart_simpson
img579.jpg,bart_simpson
img580.jpg,bart_simpson
img581.jpg,bart_simpson
img582.jpg,bart_simpson
img583.jpg,bart_simpson
img584.jpg,bart_simpson
img585.jpg,bart_simpson
img586.jpg,bart_simpson
img587.jpg,bart_simpson
img588.jpg,bart_simpson
img589.jpg,bart_simpson
img590.jpg,bart_simpson
img591.jpg,bart_simpson
img592.jpg,bart_simpson
img593.jpg,bart_simpson
img594.jpg,bart_simpson
img595.jpg,bart_simpson
img596.jpg,bart_simpson
img597.jpg,bart_simpson
img598.jpg,bart_simpson
img599.jpg,bart_simpson
img600.jpg,bart_simpson
img601.jpg,bart_simpson
img602.jpg,bart_simpson
img603.jpg,bart_simpson
img604.jpg,bart_simpson
img605.jpg,bart_simpson
img606.jpg,bart_simpson
img607.jpg,bart_simpson
img608.jpg,bart_simpson
img609.jpg,bart_simpson
img610.jpg,bart_simpson
img611.jpg,bart_simpson
img612.jpg,bart_simpson
img613.jpg,bart_simpson
img614.jpg,bart_simpson
img615.jpg,bart_simpson
img616.jpg,bart_simpson
img617.jpg,bart_simpson
img618.jpg,bart_simpson
img619.jpg,bart_simpson
img620.jpg,bart_simpson
img621.jpg,bart_simpson
img622.jpg,bart_simpson
img623.jpg,bart_simpson
img624.jpg,bart_simpson
img625.jpg,bart_simpson
img626.jpg,bart_simpson
img627.jpg,bart_simpson
img628.jpg,bart_simpson
img629.jpg,bart_simpson
img630.jpg,bart_simpson
img631.jpg,bart_simpson
img632.jpg,bart_simpson
img633.jpg,bart_simpson
img634.jpg,bart_simpson
img635.jpg,bart_simpson
img636.jpg,bart_simpson
img637.jpg,bart_simpson
img638.jpg,bart_simpson
img639.jpg,bart_simpson
img640.jpg,bart_simpson
img641.jpg,bart_simpson
img642.jpg,bart_simpson
img643.jpg,bart_simpson
img644.jpg,bart_simpson
img645.jpg,bart_simpson
img646.jpg,bart_simpson
img647.jpg,bart_simpson
img648.jpg,bart_simpson
img649.jpg,bart_simpson
img650.jpg,bart_simpson
img651.jpg,bart_simpson
img652.jpg,bart_simpson
img653.jpg,bart_simpson
img654.jpg,bart_simpson
img655.jpg,bart_simpson
img656.jpg,bart_simpson
img657.jpg,bart_simpson
img658.jpg,bart_simpson
img659.jpg,bart_simpson
img660.jpg,bart_simpson
img661.jpg,bart_simpson
img662.jpg,bart_simpson
img663.jpg,bart_simpson
img664.jpg,bart_simpson
img665.jpg,bart_simpson
img666.jpg,bart_simpson
img667.jpg,bart_simpson
img668.jpg,bart_simpson
img669.jpg,bart_simpson
img670.jpg,bart_simpson
img671.jpg,bart_simpson
img672.jpg,bart_simpson
img673.jpg,bart_simpson
img674.jpg,bart_simpson
img675.jpg,bart_simpson
img676.jpg,bart_simpson
img677.jpg,bart_simpson
img678.jpg,bart_simpson
img679.jpg,bart_simpson
img680.jpg,bart_simpson
img681.jpg,bart_simpson
img682.jpg,bart_simpson
img683.jpg,bart_simpson
img684.jpg,bart_simpson
img685.jpg,bart_simpson
img686.jpg,bart_simpson
img687.jpg,bart_simpson
img688.jpg,bart_simpson
img689.jpg,bart_simpson
img690.jpg,bart_simpson
img691.jpg,bart_simpson
img692.jpg,bart_simpson
img693.jpg,bart_simpson
img694.jpg,bart_simpson
img695.jpg,bart_simpson
img696.jpg,bart_simpson
img697.jpg,bart_simpson
img698.jpg,bart_simpson
img699.jpg,bart_simpson
img700.jpg,bart_simpson
img701.jpg,bart_simpson
img702.jpg,bart_simpson
img703.jpg,bart_simpson
img704.jpg,bart_simpson
img705.jpg,bart_simpson
img706.jpg,bart_simpson
img707.jpg,bart_simpson
img708.jpg,bart_simpson
img709.jpg,bart_simpson
img710.jpg,bart_simpson
img711.jpg,bart_simpson
img712.jpg,bart_simpson
img713.jpg,bart_simpson
img714.jpg,bart_simpson
img715.jpg,bart_simpson
img716.jpg,bart_simpson
img717.jpg,bart_simpson
img718.jpg,bart_simpson
img719.jpg,bart_simpson
img720.jpg,bart_simpson
img721.jpg,bart_simpson
img722.jpg,bart_simpson
img723.jpg,bart_simpson
img724.jpg,bart_simpson
img725.jpg,bart_simpson
img726.jpg,bart_simpson
img727.jpg,bart_simpson
img728.jpg,bart_simpson
img729.jpg,bart_simpson
img730.jpg,bart_simpson
img731.jpg,bart_simpson
img732.jpg,bart_simpson
img733.jpg,bart_simpson
img734.jpg,bart_simpson
img735.jpg,bart_simpson
img736.jpg,bart_simpson
img737.jpg,bart_simpson
img738.jpg,bart_simpson
img739.jpg,bart_simpson
img740.jpg,bart_simpson
img741.jpg,bart_simpson
img742.jpg,bart_simpson
img743.jpg,bart_simpson
img744.jpg,bart_simpson
img745.jpg,bart_simpson
img746.jpg,bart_simpson
img747.jpg,bart_simpson
img748.jpg,bart_simpson
img749.jpg,bart_simpson
img750.jpg,bart_simpson
img751.jpg,bart_simpson
img752.jpg,bart_simpson
img753.jpg,bart_simpson
img754.jpg,bart_simpson
img755.jpg,bart_simpson
img756.jpg,bart_simpson
img757.jpg,bart_simpson
img758.jpg,bart_simpson
img759.jpg,bart_simpson
img760.jpg,bart_simpson
img761.jpg,bart_simpson
img762.jpg,bart_simpson
img763.jpg,bart_simpson
img764.jpg,bart_simpson
img765.jpg,bart_simpson
img766.jpg,bart_simpson
img767.jpg,bart_simpson
img768.jpg,bart_simpson
img769.jpg,bart_simpson
img770.jpg,bart_simpson
img771.jpg,bart_simpson
img772.jpg,bart_simpson
img773.jpg,bart_simpson
img774.jpg,bart_simpson
img775.jpg,bart_simpson
img776.jpg,bart_simpson
img777.jpg,bart_simpson
img778.jpg,bart_simpson
img779.jpg,bart_simpson
img780.jpg,bart_simpson
img781.jpg,bart_simpson
img782.jpg,bart_simpson
img783.jpg,bart_simpson
img784.jpg,bart_simpson
img785.jpg,bart_simpson
img786.jpg,bart_simpson
img787.jpg,bart_simpson
img788.jpg,bart_simpson
img789.jpg,bart_simpson
img790.jpg,bart_simpson
img791.jpg,bart_simpson
img792.jpg,bart_simpson
img793.jpg,bart_simpson
img794.jpg,bart_simpson
img795.jpg,bart_simpson
img796.jpg,bart_simpson
img797.jpg,bart_simpson
img798.jpg,bart_simpson
img799.jpg,bart_simpson
img800.jpg,bart_simpson
img801.jpg,bart_simpson
img802.jpg,bart_simpson
img803.jpg,bart_simpson
img804.jpg,bart_simpson
img805.jpg,bart_simpson
img806.jpg,bart_simpson
img807.jpg,bart_simpson
img808.jpg,bart_simpson
img809.jpg,bart_simpson
img810.jpg,bart_simpson
img811.jpg,bart_simpson
img812.jpg,bart_simpson
img813.jpg,bart_simpson
img814.jpg,bart_simpson
img815.jpg,bart_simpson
img816.jpg,bart_simpson
img817.jpg,bart_simpson
img818.jpg,bart_simpson
img819.jpg,bart_simpson
img820.jpg,bart_simpson
img821.jpg,bart_simpson
img822.jpg,bart_simpson
img823.jpg,bart_simpson
img824.jpg,bart_simpson
img825.jpg,bart_simpson
img826.jpg,bart_simpson
img827.jpg,bart_simpson
img828.jpg,bart_simpson
img829.jpg,bart_simpson
img830.jpg,bart_simpson
img831.jpg,bart_simpson
img832.jpg,bart_simpson
img833.jpg,bart_simpson
img834.jpg,bart_simpson
img835.jpg,bart_simpson
img836.jpg,bart_simpson
img837.jpg,bart_simpson
img838.jpg,bart_simpson
img839.jpg,bart_simpson
img840.jpg,bart_simpson
img841.jpg,bart_simpson
img842.jpg,bart_simpson
img843.jpg,bart_simpson
img844.jpg,bart_simpson
img845.jpg,bart_simpson
img846.jpg,bart_simpson
img847.jpg,bart_simpson
img848.jpg,bart_simpson
img849.jpg,bart_simpson
img850.jpg,bart_simpson
img851.jpg,bart_simpson
img852.jpg,bart_simpson
img853.jpg,bart_simpson
img854.jpg,bart_simpson
img855.jpg,bart_simpson
img856.jpg,bart_simpson
img857.jpg,bart_simpson
img858.jpg,bart_simpson
img859.jpg,bart_simpson
img860.jpg,bart_simpson
img861.jpg,bart_simpson
img862.jpg,bart_simpson
img863.jpg,bart_simpson
img864.jpg,bart_simpson
img865.jpg,bart_simpson
img866.jpg,bart_simpson
img867.jpg,bart_simpson
img868.jpg,bart_simpson
img869.jpg,bart_simpson
img870.jpg,bart_simpson
img871.jpg,bart_simpson
img872.jpg,bart_simpson
img873.jpg,bart_simpson
img874.jpg,bart_simpson
img875.jpg,bart_simpson
img876.jpg,bart_simpson
img877.jpg,bart_simpson
img878.jpg,bart_simpson
img879.jpg,bart_simpson
img880.jpg,bart_simpson
img881.jpg,bart_simpson
img882.jpg,bart_simpson
img883.jpg,bart_simpson
img884.jpg,bart_simpson
img885.jpg,bart_simpson
img886.jpg,bart_simpson
img887.jpg,bart_simpson
img888.jpg,bart_simpson
img889.jpg,bart_simpson
img890.jpg,bart_simpson
img891.jpg,bart_simpson
img892.jpg,bart_simpson
img893.jpg,bart_simpson
img894.jpg,bart_simpson
img895.jpg,bart_simpson
img896.jpg,bart_simpson
img897.jpg,bart_simpson
img898.jpg,bart_simpson
img899.jpg,bart_simpson
img900.jpg,bart_simpson
img901.jpg,bart_simpson
img902.jpg,bart_simpson
img903.jpg,bart_simpson
img904.jpg,bart_simpson
img905.jpg,bart_simpson
img906.jpg,bart_simpson
img907.jpg,bart_simpson
img908.jpg,bart_simpson
img909.jpg,bart_simpson
img910.jpg,bart_simpson
img911.jpg,bart_simpson
img912.jpg,bart_simpson
img913.jpg,bart_simpson
img914.jpg,bart_simpson
img915.jpg,bart_simpson
img916.jpg,bart_simpson
img917.jpg,bart_simpson
img918.jpg,bart_simpson
img919.jpg,bart_simpson
img920.jpg,bart_simpson
img921.jpg,bart_simpson
img922.jpg,bart_simpson
img923.jpg,bart_simpson
img924.jpg,bart_simpson
img925.jpg,bart_simpson
img926.jpg,bart_simpson
img927.jpg,bart_simpson
img928.jpg,bart_simpson
img929.jpg,bart_simpson
img930.jpg,bart_simpson
img931.jpg,bart_simpson
img932.jpg,bart_simpson
img933.jpg,bart_simpson
img934.jpg,bart_simpson
img935.jpg,bart_simpson
img936.jpg,bart_simpson
img937.jpg,bart_simpson
img938.jpg,bart_simpson
img939.jpg,bart_simpson
img940.jpg,bart_simpson
img941.jpg,bart_simpson
img942.jpg,bart_simpson
img943.jpg,bart_simpson
img944.jpg,bart_simpson
img945.jpg,bart_simpson
img946.jpg,bart_simpson
img947.jpg,bart_simpson
img948.jpg,bart_simpson
img949.jpg,bart_simpson
img950.jpg,bart_simpson
img951.jpg,bart_simpson
img952.jpg,bart_simpson
img953.jpg,bart_simpson
img954.jpg,bart_simpson
img955.jpg,bart_simpson
img956.jpg,bart_simpson
img957.jpg,bart_simpson
img958.jpg,bart_simpson
img959.jpg,bart_simpson
img960.jpg,bart_simpson
img961.jpg,bart_simpson
img962.jpg,bart_simpson
img963.jpg,bart_simpson
img964.jpg,bart_simpson
img965.jpg,bart_simpson
img966.jpg,bart_simpson
img967.jpg,bart_simpson
img968.jpg,bart_simpson
img969.jpg,bart_simpson
img970.jpg,bart_simpson
img971.jpg,bart_simpson
img972.jpg,bart_simpson
img973.jpg,bart_simpson
img974.jpg,bart_simpson
img975.jpg,bart_simpson
img976.jpg,bart_simpson
img977.jpg,bart_simpson
img978.jpg,bart_simpson
img979.jpg,bart_simpson
img980.jpg,bart_simpson
img981.jpg,bart_simpson
img982.jpg,bart_simpson
img983.jpg,bart_simpson
img984.jpg,bart_simpson
img985.jpg,bart_simpson
img986.jpg,bart_simpson
img987.jpg,bart_simpson
img988.jpg,bart_simpson
img989.jpg,bart_simpson
img990.jpg,bart_simpson
